Gen,DCT_Cx,DCT_Tx,DDCT,2^-DDCT
PIF1,2.66,9.55,6.89,0.008431471
PLK1,2.66,2.916666667,0.256666667,0.837019613
CCNB1,11.56,6.75,-4.81,28.05138308
PCNA,1.026666667,5.583333333,4.556666667,0.042491949
CCNB2,13.89333333,6.516666667,-7.376666667,166.1873393
BRCA,1.493333333,0.783333333,-0.71,1.635804117
